Provider;Resource Type;Resource Group Move;Subscription Move;Region Move;Documentation Link
Microsoft.AAD;domainservices;No;No;No;
microsoft.aadiam;diagnosticsettings;No;No;No;
microsoft.aadiam;diagnosticsettingscategories;No;No;No;
microsoft.aadiam;privatelinkforazuread;Yes;Yes;No;
microsoft.aadiam;tenants;Yes;Yes;No;
Microsoft.Addons;supportproviders;No;No;No;
Microsoft.ADHybridHealthService;aadsupportcases;No;No;No;
Microsoft.ADHybridHealthService;addsservices;No;No;No;
Microsoft.ADHybridHealthService;agents;No;No;No;
Microsoft.ADHybridHealthService;anonymousapiusers;No;No;No;
Microsoft.ADHybridHealthService;configuration;No;No;No;
Microsoft.ADHybridHealthService;logs;No;No;No;
Microsoft.ADHybridHealthService;reports;No;No;No;
Microsoft.ADHybridHealthService;servicehealthmetrics;No;No;No;
Microsoft.ADHybridHealthService;services;No;No;No;
Microsoft.Advisor;configurations;No;No;No;
Microsoft.Advisor;generaterecommendations;No;No;No;
Microsoft.Advisor;metadata;No;No;No;
Microsoft.Advisor;recommendations;No;No;No;
Microsoft.Advisor;suppressions;No;No;No;
Microsoft.AlertsManagement;alertprocessingrules;No;Yes;No;
Microsoft.AlertsManagement;alerts;No;No;No;
Microsoft.AlertsManagement;alertslist;No;No;No;
Microsoft.AlertsManagement;alertsmetadata;No;No;No;
Microsoft.AlertsManagement;alertssummary;No;No;No;
Microsoft.AlertsManagement;alertssummarylist;No;No;No;
Microsoft.AlertsManagement;smartdetectoralertrules;Yes;Yes;No;
Microsoft.AlertsManagement;smartgroups;No;No;No;
Microsoft.AnalysisServices;servers;Yes;Yes;No;https://learn.microsoft.com/en-us/azure/analysis-services/move-analysis-services
Microsoft.ApiManagement;reportfeedback;No;No;No;
Microsoft.ApiManagement;service;Yes;Yes;Yes (using template);https://learn.microsoft.com/en-us/azure/api-management/api-management-howto-disaster-recovery-backup-restore
Microsoft.App;managedenvironments;Yes;Yes;No;
Microsoft.AppConfiguration;configurationstores;Yes;Yes;No;https://learn.microsoft.com/en-us/azure/azure-app-configuration/howto-move-resources
Microsoft.AppConfiguration;configurationstores / eventgridfilters;No;No;No;
Microsoft.AppPlatform;spring;Yes;Yes;No;https://learn.microsoft.com/en-us/azure/spring-apps/how-to-move-across-regions
Microsoft.AppService;apiapps;No;No;Yes (using template);https://learn.microsoft.com/en-us/azure/app-service/manage-move-across-regions
Microsoft.AppService;appidentities;No;No;No;
Microsoft.AppService;gateways;No;No;No;
Microsoft.Attestation;attestationproviders;No;No;No;
Microsoft.Authorization;classicadministrators;No;No;No;
Microsoft.Authorization;dataaliases;No;No;No;
Microsoft.Authorization;denyassignments;No;No;No;
Microsoft.Authorization;elevateaccess;No;No;No;
Microsoft.Authorization;findorphanroleassignments;No;No;No;
Microsoft.Authorization;locks;No;No;No;
Microsoft.Authorization;permissions;No;No;No;
Microsoft.Authorization;policyassignments;No;No;No;
Microsoft.Authorization;policydefinitions;No;No;No;
Microsoft.Authorization;policysetdefinitions;No;No;No;
Microsoft.Authorization;privatelinkassociations;No;No;No;
Microsoft.Authorization;resourcemanagementprivatelinks;No;No;No;
Microsoft.Authorization;roleassignments;No;No;No;
Microsoft.Authorization;roleassignmentsusagemetrics;No;No;No;
Microsoft.Authorization;roledefinitions;No;No;No;
Microsoft.Automation;automationaccounts;Yes;Yes;No;https://learn.microsoft.com/en-us/azure/automation/move-account
Microsoft.Automation;automationaccounts / configurations;Yes;Yes;No;
Microsoft.Automation;automationaccounts / runbooks;Yes;Yes;No;
Microsoft.AVS;privateclouds;Yes;Yes;No;https://learn.microsoft.com/en-us/azure/azure-vmware/move-azure-vmware-solution-across-regions
Microsoft.AzureActiveDirectory;b2cdirectories;Yes;Yes;No;
Microsoft.AzureActiveDirectory;b2ctenants;No;No;No;
Microsoft.AzureArcData;datacontrollers;No;No;No;
Microsoft.AzureArcData;postgresinstances;No;No;No;
Microsoft.AzureArcData;sqlmanagedinstances;No;No;No;
Microsoft.AzureArcData;sqlserverinstances;No;No;No;
Microsoft.AzureArcData;sqlserverlicenses;No;No;No;
Microsoft.AzureData;datacontrollers;No;No;No;
Microsoft.AzureData;hybriddatamanagers;No;No;No;
Microsoft.AzureData;postgresinstances;No;No;No;
Microsoft.AzureData;sqlinstances;No;No;No;
Microsoft.AzureData;sqlmanagedinstances;No;No;No;
Microsoft.AzureData;sqlserverinstances;No;No;No;
Microsoft.AzureData;sqlserverregistrations;Yes;Yes;No;
Microsoft.AzureStack;cloudmanifestfiles;No;No;No;
Microsoft.AzureStack;registrations;Yes;Yes;No;
Microsoft.AzureStackHCI;clusters;No;No;No;
Microsoft.Batch;batchaccounts;Yes;Yes;No (use template);
Microsoft.Billing;billingaccounts;No;No;No;
Microsoft.Billing;billingperiods;No;No;No;
Microsoft.Billing;billingpermissions;No;No;No;
Microsoft.Billing;billingproperty;No;No;No;
Microsoft.Billing;billingroleassignments;No;No;No;
Microsoft.Billing;billingroledefinitions;No;No;No;
Microsoft.Billing;departments;No;No;No;
Microsoft.Billing;enrollmentaccounts;No;No;No;
Microsoft.Billing;invoices;No;No;No;
Microsoft.Billing;transfers;No;No;No;
Microsoft.BingMaps;mapapis;No;No;No;
Microsoft.BizTalkServices;biztalk;No;No;No;
Microsoft.Blockchain;blockchainmembers;No;No;No;
Microsoft.Blockchain;cordamembers;No;No;No;
Microsoft.Blockchain;watchers;No;No;No;
Microsoft.BlockchainTokens;tokenservices;No;No;No;
Microsoft.Blueprint;blueprintassignments;No;No;No;
Microsoft.Blueprint;blueprints;No;No;No;
Microsoft.BotService;botservices;Yes;Yes;No;
Microsoft.Cache;redis;Yes;Yes;No;https://learn.microsoft.com/en-us/azure/azure-cache-for-redis/cache-how-to-geo-replication
Microsoft.Cache;redisenterprise;No;No;No;
Microsoft.Capacity;appliedreservations;No;No;No;
Microsoft.Capacity;calculateexchange;No;No;No;
Microsoft.Capacity;calculateprice;No;No;No;
Microsoft.Capacity;calculatepurchaseprice;No;No;No;
Microsoft.Capacity;catalogs;No;No;No;
Microsoft.Capacity;commercialreservationorders;No;No;No;
Microsoft.Capacity;exchange;No;No;No;
Microsoft.Capacity;reservationorders;No;No;No;
Microsoft.Capacity;reservations;No;No;No;
Microsoft.Capacity;resources;No;No;No;
Microsoft.Capacity;validatereservationorder;No;No;No;
Microsoft.Cdn;cdnwebapplicationfirewallmanagedrulesets;No;No;No;
Microsoft.Cdn;cdnwebapplicationfirewallpolicies;Yes;Yes;No;
Microsoft.Cdn;edgenodes;No;No;No;
Microsoft.Cdn;profiles;Yes;Yes;No;
Microsoft.Cdn;profiles / endpoints;Yes;Yes;No;
Microsoft.CertificateRegistration;certificateorders;Yes;Yes;No;
Microsoft.ClassicCompute;capabilities;No;No;No;
Microsoft.ClassicCompute;domainnames;Yes;No;No;
Microsoft.ClassicCompute;quotas;No;No;No;
Microsoft.ClassicCompute;resourcetypes;No;No;No;
Microsoft.ClassicCompute;validatesubscriptionmoveavailability;No;No;No;
Microsoft.ClassicCompute;virtualmachines;Yes;Yes;No;https://learn.microsoft.com/en-us/azure/virtual-machines/migration-classic-resource-manager-overview
Microsoft.ClassicInfrastructureMigrate;classicinfrastructureresources;No;No;No;
Microsoft.ClassicNetwork;capabilities;No;No;No;
Microsoft.ClassicNetwork;expressroutecrossconnections;No;No;No;
Microsoft.ClassicNetwork;expressroutecrossconnections / peerings;No;No;No;
Microsoft.ClassicNetwork;gatewaysupporteddevices;No;No;No;
Microsoft.ClassicNetwork;networksecuritygroups;No;No;No;
Microsoft.ClassicNetwork;quotas;No;No;No;
Microsoft.ClassicNetwork;reservedips;No;No;No;
Microsoft.ClassicNetwork;virtualnetworks;No;No;No;
Microsoft.ClassicStorage;disks;No;No;No;
Microsoft.ClassicStorage;images;No;No;No;
Microsoft.ClassicStorage;osimages;No;No;No;
Microsoft.ClassicStorage;osplatformimages;No;No;No;
Microsoft.ClassicStorage;publicimages;No;No;No;
Microsoft.ClassicStorage;quotas;No;No;No;
Microsoft.ClassicStorage;storageaccounts;Yes;No;Yes;https://learn.microsoft.com/en-us/azure/storage/common/storage-account-move?tabs=azure-portal
Microsoft.ClassicStorage;vmimages;No;No;No;
Microsoft.ClassicSubscription;operations;No;No;No;
Microsoft.CognitiveServices;accounts;Yes;Yes;No;
Microsoft.CognitiveServices;Cognitive Search;Yes;Yes;Yes (Manual steps);https://learn.microsoft.com/en-us/azure/search/search-howto-move-across-regions
Microsoft.Commerce;ratecard;No;No;No;
Microsoft.Commerce;usageaggregates;No;No;No;
Microsoft.Communication;communicationservices;Yes;Yes;No;
Microsoft.Compute;availabilitysets;Yes;Yes;Yes (Use Azure Resource Mover);https://learn.microsoft.com/en-us/azure/resource-mover/tutorial-move-region-virtual-machines
Microsoft.Compute;diskaccesses;No;No;No;
Microsoft.Compute;diskencryptionsets;No;No;No;
Microsoft.Compute;disks;Yes;Yes;Yes (Use Azure Resource Mover);https://learn.microsoft.com/en-us/azure/resource-mover/tutorial-move-region-virtual-machines
Microsoft.Compute;galleries;No;No;No;
Microsoft.Compute;galleries / images;No;No;No;
Microsoft.Compute;galleries / images / versions;No;No;No;
Microsoft.Compute;hostgroups;No;No;No;
Microsoft.Compute;hostgroups / hosts;No;No;No;
Microsoft.Compute;images;Yes;Yes;No;
Microsoft.Compute;proximityplacementgroups;Yes;Yes;No;
Microsoft.Compute;restorepointcollections;No;No;No;
Microsoft.Compute;restorepointcollections / restorepoints;No;No;No;
Microsoft.Compute;sharedvmextensions;No;No;No;
Microsoft.Compute;sharedvmimages;No;No;No;
Microsoft.Compute;sharedvmimages / versions;No;No;No;
Microsoft.Compute;snapshots;Yes - Full / No - Incremental;Yes - Full / No - Incremental;No - Full / No - Incremental;
Microsoft.Compute;sshpublickeys;No;No;No;
Microsoft.Compute;virtualmachines;Yes;Yes;Yes (Use Azure Resource Mover);https://learn.microsoft.com/en-us/azure/resource-mover/tutorial-move-region-virtual-machines
Microsoft.Compute;virtualmachines / extensions;Yes;Yes;No;
Microsoft.Compute;virtualmachinescalesets;Yes;Yes;No;
Microsoft.Compute;capabilities;No;No;No;
Microsoft.Compute;domainnames;Yes;No;No;
Microsoft.Compute;quotas;No;No;No;
Microsoft.Compute;resourcetypes;No;No;No;
Microsoft.Compute;validatesubscriptionmoveavailability;No;No;No;
Microsoft.Confluent;organizations;No;No;No;
Microsoft.Consumption;aggregatedcost;No;No;No;
Microsoft.Consumption;balances;No;No;No;
Microsoft.Consumption;budgets;No;No;No;
Microsoft.Consumption;charges;No;No;No;
Microsoft.Consumption;costtags;No;No;No;
Microsoft.Consumption;credits;No;No;No;
Microsoft.Consumption;events;No;No;No;
Microsoft.Consumption;forecasts;No;No;No;
Microsoft.Consumption;lots;No;No;No;
Microsoft.Consumption;marketplaces;No;No;No;
Microsoft.Consumption;pricesheets;No;No;No;
Microsoft.Consumption;products;No;No;No;
Microsoft.Consumption;reservationdetails;No;No;No;
Microsoft.Consumption;reservationrecommendationdetails;No;No;No;
Microsoft.Consumption;reservationrecommendations;No;No;No;
Microsoft.Consumption;reservationsummaries;No;No;No;
Microsoft.Consumption;reservationtransactions;No;No;No;
Microsoft.Consumption;tags;No;No;No;
Microsoft.Consumption;tenants;No;No;No;
Microsoft.Consumption;terms;No;No;No;
Microsoft.Consumption;usagedetails;No;No;No;
Microsoft.ContainerInstance;containergroups;No;No;No;
Microsoft.ContainerInstance;serviceassociationlinks;No;No;No;
Microsoft.ContainerRegistry;registries;Yes;Yes;No;https://learn.microsoft.com/en-us/azure/container-registry/container-registry-geo-replication
Microsoft.ContainerRegistry;registries / agentpools;Yes;Yes;No;
Microsoft.ContainerRegistry;registries / buildtasks;Yes;Yes;No;
Microsoft.ContainerRegistry;registries / replications;Yes;Yes;No;
Microsoft.ContainerRegistry;registries / tasks;Yes;Yes;No;
Microsoft.ContainerRegistry;registries / webhooks;Yes;Yes;No;
Microsoft.ContainerService;containerservices;No;No;No;
Microsoft.ContainerService;managedclusters;No;No;No;
Microsoft.ContainerService;openshiftmanagedclusters;No;No;No;
Microsoft.ContentModerator;applications;No;No;No;
Microsoft.CortanaAnalytics;accounts;No;No;No;
Microsoft.CostManagement;alerts;No;No;No;
Microsoft.CostManagement;billingaccounts;No;No;No;
Microsoft.CostManagement;budgets;No;No;No;
Microsoft.CostManagement;cloudconnectors;No;No;No;
Microsoft.CostManagement;connectors;Yes;Yes;No;
Microsoft.CostManagement;departments;No;No;No;
Microsoft.CostManagement;dimensions;No;No;No;
Microsoft.CostManagement;enrollmentaccounts;No;No;No;
Microsoft.CostManagement;exports;No;No;No;
Microsoft.CostManagement;externalbillingaccounts;No;No;No;
Microsoft.CostManagement;forecast;No;No;No;
Microsoft.CostManagement;query;No;No;No;
Microsoft.CostManagement;register;No;No;No;
Microsoft.CostManagement;reportconfigs;No;No;No;
Microsoft.CostManagement;reports;No;No;No;
Microsoft.CostManagement;settings;No;No;No;
Microsoft.CostManagement;showbackrules;No;No;No;
Microsoft.CostManagement;views;No;No;No;
Microsoft.CustomerInsights;hubs;No;No;No;
Microsoft.CustomerLockbox;requests;No;No;No;
Microsoft.CustomProviders;associations;No;No;No;
Microsoft.CustomProviders;resourceproviders;Yes;Yes;No;
Microsoft.DataBox;jobs;No;No;No;
Microsoft.DataBoxEdge;availableskus;No;No;No;
Microsoft.DataBoxEdge;databoxedgedevices;No;No;No;
Microsoft.Databricks;workspaces;No;No;No;
Microsoft.Databricks;accessConnectors;No;No;No;
Microsoft.DataCatalog;catalogs;Yes;Yes;No;
Microsoft.DataCatalog;datacatalogs;No;No;No;
Microsoft.DataConnect;connectionmanagers;No;No;No;
Microsoft.DataDog;monitors;No;No;No;
Microsoft.DataExchange;packages;No;No;No;
Microsoft.DataExchange;plans;No;No;No;
Microsoft.DataFactory;datafactories;Yes;Yes;No;https://learn.microsoft.com/en-us/azure/data-factory/plan-manage-costs
Microsoft.DataFactory;factories;Yes;Yes;No;
Microsoft.DataLake;datalakeaccounts;No;No;No;
Microsoft.DataLakeAnalytics;accounts;Yes;Yes;No;
Microsoft.DataLakeStore;accounts;Yes;Yes;No;
Microsoft.DataMigration;services;No;No;No;
Microsoft.DataMigration;services / projects;No;No;No;
Microsoft.DataMigration;slots;No;No;No;
Microsoft.DataMigration;sqlmigrationservices;No;No;No;
Microsoft.DataProtection;backupvaults;Yes;Yes;No;
Microsoft.DataShare;accounts;Yes;Yes;No;
Microsoft.DBforMariaDB;servers;Yes;Yes;Yes (cross-region replica);
Microsoft.DBforMySQL;flexibleServers;Yes;Yes;No;
Microsoft.DBforMySQL;servers;Yes;Yes;Yes (cross-region replica);https://learn.microsoft.com/en-us/azure/mysql/single-server/concepts-read-replicas#cross-region-replication
Microsoft.DBforPostgreSQL;flexibleServers;Yes;Yes;No;
Microsoft.DBforPostgreSQL;servergroups;No;No;No;
Microsoft.DBforPostgreSQL;servers;Yes;Yes;Yes (cross-region replica);https://learn.microsoft.com/en-us/azure/postgresql/single-server/concepts-read-replicas#cross-region-replication
Microsoft.DBforPostgreSQL;serversv2;Yes;Yes;No;
Microsoft.DeploymentManager;artifactsources;Yes;Yes;No;
Microsoft.DeploymentManager;rollouts;Yes;Yes;No;
Microsoft.DeploymentManager;servicetopologies;Yes;Yes;No;
Microsoft.DeploymentManager;servicetopologies / services;Yes;Yes;No;
Microsoft.DeploymentManager;servicetopologies / services / serviceunits;Yes;Yes;No;
Microsoft.DeploymentManager;steps;Yes;Yes;No;
Microsoft.DesktopVirtualization;applicationgroups;Yes;Yes;No;
Microsoft.DesktopVirtualization;hostpools;Yes;Yes;No;
Microsoft.DesktopVirtualization;scalingplans;Yes;Yes;No;
Microsoft.DesktopVirtualization;workspaces;Yes;Yes;No;
Microsoft.DesktopVirtualization;appattachpackages;Yes;Yes;No;
Microsoft.Devices;elasticpools;No;No;No;
Microsoft.Devices;elasticpools / iothubtenants;No;No;No;
Microsoft.Devices;iothubs;Yes;Yes;Yes;https://learn.microsoft.com/en-us/azure/iot-hub/iot-hub-ha-dr#cross-region-dr
Microsoft.Devices;provisioningservices;Yes;Yes;No;
Microsoft.DevOps;pipelines;Yes;Yes;No;
Microsoft.DevOps;controllers;Pending;Pending;No;
Microsoft.DevSpaces;controllers;Yes;Yes;No;
Microsoft.DevSpaces;AKS cluster;Pending;Pending;No;
Microsoft.DevTestLab;labcenters;No;No;No;
Microsoft.DevTestLab;labs;Yes;No;No;
Microsoft.DevTestLab;labs / environments;Yes;No;No;
Microsoft.DevTestLab;labs / servicerunners;Yes;No;No;
Microsoft.DevTestLab;labs / virtualmachines;Yes;No;No;
Microsoft.DevTestLab;schedules;Yes;Yes;No;
Microsoft.DigitalTwins;digitaltwinsinstances;No;No;Yes (recreating);
Microsoft.DocumentDB;databaseaccounts;Yes;Yes;No;https://learn.microsoft.com/en-us/azure/cosmos-db/move-account
Microsoft.DocumentDB;mongoClusters;No;No;No;
Microsoft.DocumentDB;cassandraClusters;No;No;No;
Microsoft.DomainRegistration;domains;Yes;Yes;No;
Microsoft.DomainRegistration;generatessorequest;No;No;No;
Microsoft.DomainRegistration;topleveldomains;No;No;No;
Microsoft.DomainRegistration;validatedomainregistrationinformation;No;No;No;
Microsoft.Elastic;monitors;No;No;No;
Microsoft.EnterpriseKnowledgeGraph;services;Yes;Yes;No;
Microsoft.EventGrid;domains;Yes;Yes;No;
Microsoft.EventGrid;eventsubscriptions;No;No;No;
Microsoft.EventGrid;extensiontopics;No;No;No;
Microsoft.EventGrid;partnernamespaces;Yes;Yes;No;
Microsoft.EventGrid;partnerregistrations;No;No;No;
Microsoft.EventGrid;partnertopics;Yes;Yes;No;
Microsoft.EventGrid;systemtopics;Yes;Yes;No;
Microsoft.EventGrid;topics;Yes;Yes;No;
Microsoft.EventGrid;topictypes;No;No;No;
Microsoft.EventHub;clusters;Yes;Yes;No;
Microsoft.EventHub;namespaces;Yes;Yes;Yes (with template);https://learn.microsoft.com/en-us/azure/event-hubs/move-across-regions
Microsoft.EventHub;sku;No;No;No;
Microsoft.Experimentation;experimentworkspaces;No;No;No;
Microsoft.ExtendedLocation;customLocations;No;No;No;
Microsoft.Falcon;namespaces;Yes;Yes;No;
Microsoft.Features;featureproviders;No;No;No;
Microsoft.Features;features;No;No;No;
Microsoft.Features;providers;No;No;No;
Microsoft.Features;subscriptionfeatureregistrations;No;No;No;
Microsoft.Genomics;accounts;No;No;No;
Microsoft.GuestConfiguration;automanagedaccounts;No;No;No;
Microsoft.GuestConfiguration;automanagedvmconfigurationprofiles;No;No;No;
Microsoft.GuestConfiguration;guestconfigurationassignments;No;No;No;
Microsoft.GuestConfiguration;software;No;No;No;
Microsoft.GuestConfiguration;softwareupdateprofile;No;No;No;
Microsoft.GuestConfiguration;softwareupdates;No;No;No;
Microsoft.HanaOnAzure;hanainstances;No;No;No;
Microsoft.HanaOnAzure;sapmonitors;No;No;No;
Microsoft.HardwareSecurityModules;dedicatedhsms;No;No;No;
Microsoft.HDInsight;clusters;Yes;Yes;No;https://learn.microsoft.com/en-us/azure/hdinsight/hdinsight-plan-business-continuity
Microsoft.HealthcareApis;services;Yes;Yes;No;
Microsoft.HybridCompute;licenses;Yes;Yes;No;
Microsoft.HybridCompute;machines;Yes;Yes;No;
Microsoft.HybridCompute;machines / extensions;Yes;Yes;No;
Microsoft.HybridCompute;privatelinkscopes;Yes;Yes;No;
Microsoft.HybridData;datamanagers;Yes;Yes;No;
Microsoft.HybridNetwork;devices;No;No;No;
Microsoft.HybridNetwork;vnfs;No;No;No;
Microsoft.Hydra;components;No;No;No;
Microsoft.Hydra;networkscopes;No;No;No;
Microsoft.ImportExport;jobs;Yes;Yes;No;
Microsoft.Insights;accounts;Yes;Yes;No;
Microsoft.Insights;actiongroups;Yes;Yes;No;
Microsoft.Insights;activitylogalerts;No;No;No;
Microsoft.Insights;alertrules;Yes;Yes;No;
Microsoft.Insights;autoscalesettings;Yes;Yes;No;
Microsoft.Insights;baseline;No;No;No;
Microsoft.Insights;components;Yes;Yes;No;
Microsoft.Insights;datacollectionrules;No;No;No;
Microsoft.Insights;diagnosticsettings;No;No;No;
Microsoft.Insights;diagnosticsettingscategories;No;No;No;
Microsoft.Insights;eventcategories;No;No;No;
Microsoft.Insights;eventtypes;No;No;No;
Microsoft.Insights;extendeddiagnosticsettings;No;No;No;
Microsoft.Insights;guestdiagnosticsettings;No;No;No;
Microsoft.Insights;listmigrationdate;No;No;No;
Microsoft.Insights;logdefinitions;No;No;No;
Microsoft.Insights;logprofiles;No;No;No;
Microsoft.Insights;logs;No;No;No;
Microsoft.Insights;metricalerts;No;No;No;
Microsoft.Insights;metricbaselines;No;No;No;
Microsoft.Insights;metricbatch;No;No;No;
Microsoft.Insights;metricdefinitions;No;No;No;
Microsoft.Insights;metricnamespaces;No;No;No;
Microsoft.Insights;metrics;No;No;No;
Microsoft.Insights;migratealertrules;No;No;No;
Microsoft.Insights;migratetonewpricingmodel;No;No;No;
Microsoft.Insights;myworkbooks;No;No;No;
Microsoft.Insights;notificationgroups;No;No;No;
Microsoft.Insights;privatelinkscopes;No;No;No;
Microsoft.Insights;rollbacktolegacypricingmodel;No;No;No;
Microsoft.Insights;scheduledqueryrules;Yes;Yes;No;
Microsoft.Insights;topology;No;No;No;
Microsoft.Insights;transactions;No;No;No;
Microsoft.Insights;vminsightsonboardingstatuses;No;No;No;
Microsoft.Insights;webtests;Yes;Yes;No;
Microsoft.Insights;webtests / gettestresultfile;No;No;No;
Microsoft.Insights;workbooks;Yes;Yes;No;
Microsoft.Insights;workbooktemplates;Yes;Yes;No;
Microsoft.IoTCentral;apptemplates;No;No;No;
Microsoft.IoTCentral;iotapps;Yes;Yes;No;
Microsoft.IoTHub;iothub;Yes;Yes;Yes (clone hub);https://learn.microsoft.com/en-us/azure/iot-hub/iot-hub-how-to-clone
Microsoft.IoTSpaces;graph;Yes;Yes;No;
Microsoft.KeyVault;deletedvaults;No;No;No;
Microsoft.KeyVault;hsmpools;No;No;No;
Microsoft.KeyVault;managedhsms;No;No;No;
Microsoft.KeyVault;vaults;Yes;Yes;No;https://learn.microsoft.com/en-us/azure/key-vault/general/move-region
Microsoft.Kubernetes;connectedclusters;No;No;No;
Microsoft.Kubernetes;registeredsubscriptions;No;No;No;
Microsoft.KubernetesConfiguration;sourcecontrolconfigurations;No;No;No;
Microsoft.Kusto;clusters;Yes;Yes;No;
Microsoft.LabServices;labaccounts;No;No;No;
Microsoft.LabServices;users;No;No;No;
Microsoft.LoadTestService;loadtests;Yes;Yes;No;
Microsoft.LocationBasedServices;accounts;No;No;No;
Microsoft.LocationServices;accounts;No;No;No;
Microsoft.Logic;hostingenvironments;No;No;No;
Microsoft.Logic;integrationaccounts;Yes;Yes;No;
Microsoft.Logic;integrationserviceenvironments;Yes;No;No;
Microsoft.Logic;integrationserviceenvironments / managedapis;Yes;No;No;
Microsoft.Logic;isolatedenvironments;No;No;No;
Microsoft.Logic;workflows;Yes;Yes;No;https://learn.microsoft.com/en-us/azure/logic-apps/business-continuity-disaster-recovery-guidance
Microsoft.MachineLearning;commitmentplans;No;No;No;
Microsoft.MachineLearning;webservices;Yes;No;No;
Microsoft.MachineLearning;workspaces;Yes;Yes;No;
Microsoft.MachineLearningCompute;operationalizationclusters;No;No;No;
Microsoft.MachineLearningExperimentation;accounts;No;No;No;
Microsoft.MachineLearningExperimentation;teamaccounts;No;No;No;
Microsoft.MachineLearningModelManagement;accounts;No;No;No;
Microsoft.MachineLearningServices;workspaces;No;No;No;
Microsoft.Maintenance;configurationassignments;No;No;No;
Microsoft.Maintenance;maintenanceconfigurations;No;No;No;
Microsoft.Maintenance;updates;No;No;No;
Microsoft.ManagedIdentity;identities;No;No;No;
Microsoft.ManagedIdentity;userassignedidentities;No;No;No;
Microsoft.ManagedNetwork;managednetworks;No;No;No;
Microsoft.ManagedNetwork;managednetworks / managednetworkgroups;No;No;No;
Microsoft.ManagedNetwork;managednetworks / managednetworkpeeringpolicies;No;No;No;
Microsoft.ManagedNetwork;notification;No;No;No;
Microsoft.ManagedServices;marketplaceregistrationdefinitions;No;No;No;
Microsoft.ManagedServices;registrationassignments;No;No;No;
Microsoft.ManagedServices;registrationdefinitions;No;No;No;
Microsoft.Management;getentities;No;No;No;
Microsoft.Management;managementgroups;No;No;No;
Microsoft.Management;managementgroups / settings;No;No;No;
Microsoft.Management;resources;No;No;No;
Microsoft.Management;starttenantbackfill;No;No;No;
Microsoft.Management;tenantbackfillstatus;No;No;No;
Microsoft.Maps;accounts;Yes;Yes;No;
Microsoft.Maps;accounts / privateatlases;Yes;Yes;No;
Microsoft.Marketplace;offers;No;No;No;
Microsoft.Marketplace;offertypes;No;No;No;
Microsoft.Marketplace;privategalleryitems;No;No;No;
Microsoft.Marketplace;privatestoreclient;No;No;No;
Microsoft.Marketplace;privatestores;No;No;No;
Microsoft.Marketplace;products;No;No;No;
Microsoft.Marketplace;publishers;No;No;No;
Microsoft.Marketplace;register;No;No;No;
Microsoft.MarketplaceApps;classicdevservices;No;No;No;
Microsoft.MarketplaceOrdering;agreements;No;No;No;
Microsoft.MarketplaceOrdering;offertypes;No;No;No;
Microsoft.Media;mediaservices;Yes;Yes;No;https://learn.microsoft.com/en-us/azure/media-services/latest/media-services-overview
Microsoft.Media;mediaservices / liveevents;Yes;Yes;No;
Microsoft.Media;mediaservices / streamingendpoin;;;;
Microsoft.Microservices4Spring;appclusters;No;No;No;
Microsoft.Migrate;assessmentprojects;No;No;No;
Microsoft.Migrate;migrateprojects;No;No;No;
Microsoft.Migrate;movecollections;No;No;No;
Microsoft.Migrate;projects;No;No;No;
Microsoft.MixedReality;remoterenderingaccounts;Yes;Yes;No;
Microsoft.MobileNetwork;mobileNetworks;No;No;Yes;
Microsoft.MobileNetwork;mobileNetworks / dataNetworks;No;No;Yes;
Microsoft.MobileNetwork;mobileNetworks / simPolicies;No;No;Yes;
Microsoft.MobileNetwork;mobileNetworks / sites;No;No;Yes;
Microsoft.MobileNetwork;mobileNetworks / slices;No;No;Yes;
Microsoft.MobileNetwork;packetCoreControlPlanes;No;No;Yes;
Microsoft.MobileNetwork;packetCoreControlPlanes / packetCoreDataPlanes;No;No;Yes;
Microsoft.MobileNetwork;packetCoreControlPlanes / packetCoreDataPlanes / attachedDataNetworks;No;No;Yes;
Microsoft.MobileNetwork;sims;No;No;Yes;
Microsoft.MobileNetwork;simGroups;No;No;Yes;
Microsoft.MobileNetwork;simGroups / sims;No;No;Yes;
Microsoft.MobileNetwork;packetCoreControlPlaneVersions;No;No;Yes;
Microsoft.NetApp;netappaccounts;No;No;No;
Microsoft.NetApp;netappaccounts / capacitypools;No;No;No;
Microsoft.NetApp;netappaccounts / capacitypools / volumes;No;No;No;
Microsoft.NetApp;netappaccounts / capacitypools / volumes / mounttargets;No;No;No;
Microsoft.NetApp;netappaccounts / capacitypools / volumes / snapshots;No;No;No;
Microsoft.Network;applicationgateways;No;No;No;
Microsoft.Network;applicationgatewaywebapplicationfirewallpolicies;No;No;No;
Microsoft.Network;applicationsecuritygroups;Yes;Yes;No;
Microsoft.Network;azurefirewalls;No;No;No;
Microsoft.Network;bastionhosts;Yes;No;No;
Microsoft.Network;bgpservicecommunities;No;No;No;
Microsoft.Network;connections;Yes;Yes;No;
Microsoft.Network;ddoscustompolicies;Yes;Yes;No;
Microsoft.Network;ddosprotectionplans;No;No;No;
Microsoft.Network;dnszones;Yes;Yes;No;
Microsoft.Network;expressroutecircuits;No;No;No;
Microsoft.Network;expressroutegateways;No;No;No;
Microsoft.Network;expressrouteserviceproviders;No;No;No;
Microsoft.Network;firewallpolicies;No;No;No;
Microsoft.Network;frontdoors;No;No;No;
Microsoft.Network;ipallocations;Yes;Yes;No;
Microsoft.Network;ipgroups;No;No;No;
Microsoft.Network;loadbalancers;Yes - Basic / No - Standard;Yes - Basic / No - Standard;Yes (Use Azure Resource Mover);
Microsoft.Network;localnetworkgateways;Yes;Yes;No;
Microsoft.Network;natgateways;No;No;No;
Microsoft.Network;networkexperimentprofiles;No;No;No;
Microsoft.Network;networkintentpolicies;Yes;Yes;No;
Microsoft.Network;networkinterfaces;Yes;Yes;Yes (Use Azure Resource Mover);
Microsoft.Network;networkprofiles;No;No;No;
Microsoft.Network;networksecuritygroups;Yes;Yes;Yes (Use Azure Resource Mover);
Microsoft.Network;networkwatchers;Yes;No;No;
Microsoft.Network;networkwatchers / connectionmonitors;Yes;No;No;
Microsoft.Network;networkwatchers / flowlogs;Yes;No;No;
Microsoft.Network;networkwatchers / pingmeshes;Yes;No;No;
Microsoft.Network;p2svpngateways;No;No;No;
Microsoft.Network;privatednszones;Yes;Yes;No;
Microsoft.Network;privatednszones / virtualnetworklinks;Yes;Yes;No;
Microsoft.Network;privatednszonesinternal;No;No;No;
Microsoft.Network;privateendpointredirectmaps;No;No;No;
Microsoft.Network;privateendpoints;Yes (supported resources);Yes (supported resources);No;
Microsoft.Network;privatelinkservices;No;No;No;
Microsoft.Network;publicipaddresses;Yes;Yes;No (IPs not retained);
Microsoft.Network;publicipprefixes;Yes;Yes;No;
Microsoft.Network;routefilters;No;No;No;
Microsoft.Network;routetables;Yes;Yes;No;
Microsoft.Network;securitypartnerproviders;Yes;Yes;No;
Microsoft.Network;serviceendpointpolicies;Yes;Yes;No;
Microsoft.Network;trafficmanagergeographichierarchies;No;No;No;
Microsoft.Network;trafficmanagerprofiles;Yes;Yes;No;
Microsoft.Network;trafficmanagerprofiles / heatmaps;No;No;No;
Microsoft.Network;trafficmanagerusermetricskeys;No;No;No;
Microsoft.Network;virtualhubs;No;No;No;
Microsoft.Network;virtualnetworkgateways;No;No;No;
Microsoft.Network;virtualnetworks;Yes;Yes;Yes;
Microsoft.Network;virtualnetworktaps;No;No;No;
Microsoft.Network;virtualrouters;Yes;Yes;No;
Microsoft.Network;virtualwans;No;No;No;
Microsoft.Network;vpngateways;No;No;No;
Microsoft.Network;vpnserverconfigurations;No;No;No;
Microsoft.Network;vpnsites;No;No;No;
Microsoft.NotificationHubs;namespaces;Yes;Yes;No;
Microsoft.NotificationHubs;namespaces / notificationhubs;Yes;Yes;No;
Microsoft.ObjectStore;osnamespaces;Yes;Yes;No;
Microsoft.OffAzure;hypervsites;No;No;No;
Microsoft.OffAzure;importsites;No;No;No;
Microsoft.OffAzure;mastersites;No;No;No;
Microsoft.OffAzure;serversites;No;No;No;
Microsoft.OffAzure;vmwaresites;No;No;No;
Microsoft.OperationalInsights;clusters;No;No;No;
Microsoft.OperationalInsights;deletedworkspaces;No;No;No;
Microsoft.OperationalInsights;linktargets;No;No;No;
Microsoft.OperationalInsights;storageinsightconfigs;No;No;No;
Microsoft.OperationalInsights;workspaces;Yes;Yes;No;
Microsoft.OperationalInsights;querypacks;No;No;No;
Microsoft.OperationsManagement;managementassociations;No;No;No;
Microsoft.OperationsManagement;managementconfigurations;Yes;Yes;No;
Microsoft.OperationsManagement;solutions;Yes;Yes;No;
Microsoft.OperationsManagement;views;Yes;Yes;No;
Microsoft.Peering;legacypeerings;No;No;No;
Microsoft.Peering;peerasns;No;No;No;
Microsoft.Peering;peeringlocations;No;No;No;
Microsoft.Peering;peerings;Yes;Yes;No;
Microsoft.Peering;peeringservicecountries;No;No;No;
Microsoft.Peering;peeringservicelocations;No;No;No;
Microsoft.Peering;peeringserviceproviders;No;No;No;
Microsoft.Peering;peeringservices;Yes;Yes;No;
Microsoft.PolicyInsights;policyevents;No;No;No;
Microsoft.PolicyInsights;policystates;No;No;No;
Microsoft.PolicyInsights;policytrackedresources;No;No;No;
Microsoft.PolicyInsights;remediations;No;No;No;
Microsoft.Portal;consoles;No;No;No;
Microsoft.Portal;dashboards;Yes;Yes;No;
Microsoft.Portal;usersettings;No;No;No;
Microsoft.PowerBI;workspacecollections;Yes;Yes;No;
Microsoft.PowerBIDedicated;capacities;Yes;Yes;No;
Microsoft.ProgrammableConnectivity;gateways;No;No;No;
Microsoft.ProgrammableConnectivity;openApiGatewayOfferings;No;No;No;
Microsoft.ProgrammableConnectivity;openApiGateways;No;No;No;
Microsoft.ProgrammableConnectivity;operatorApiConnections;No;No;No;
Microsoft.ProgrammableConnectivity;operatorApiPlans;No;No;No;
Microsoft.ProgrammableConnectivity;OperatorConnections;No;No;No;
Microsoft.ProgrammableConnectivity;OperatorOfferings;No;No;No;
Microsoft.ProjectBabylon;accounts;No;No;No;
Microsoft.Purview;accounts;Yes;Yes;No;
Microsoft.ProviderHub;availableaccounts;No;No;No;
Microsoft.ProviderHub;providerregistrations;No;No;No;
Microsoft.ProviderHub;rollouts;No;No;No;
Microsoft.Quantum;workspaces;No;No;No;
Microsoft.RecoveryServices;replicationeligibilityresults;No;No;No;
Microsoft.RecoveryServices;vaults;Yes;Yes;No;
Microsoft.RedHatOpenShift;openshiftclusters;No;No;No;
Microsoft.Relay;namespaces;Yes;Yes;No;
Microsoft.ResourceGraph;queries;Yes;Yes;No;
Microsoft.ResourceGraph;resourcechangedetails;No;No;No;
Microsoft.ResourceGraph;resourcechanges;No;No;No;
Microsoft.ResourceGraph;resources;No;No;No;
Microsoft.ResourceGraph;resourceshistory;No;No;No;
Microsoft.ResourceGraph;subscriptionsstatus;No;No;No;
Microsoft.ResourceHealth;childresources;No;No;No;
Microsoft.ResourceHealth;emergingissues;No;No;No;
Microsoft.ResourceHealth;events;No;No;No;
Microsoft.ResourceHealth;metadata;No;No;No;
Microsoft.ResourceHealth;notifications;No;No;No;
Microsoft.Resources;deployments;No;No;No;
Microsoft.Resources;deploymentscripts;No;No;Yes;
Microsoft.Resources;deploymentscripts / logs;No;No;No;
Microsoft.Resources;links;No;No;No;
Microsoft.Resources;providers;No;No;No;
Microsoft.Resources;resourcegroups;No;No;No;
Microsoft.Resources;resources;No;No;No;
Microsoft.Resources;subscriptions;No;No;No;
Microsoft.Resources;tags;No;No;No;
Microsoft.Resources;templatespecs;No;No;Yes;
Microsoft.Resources;templatespecs / versions;No;No;No;
Microsoft.Resources;tenants;No;No;No;
Microsoft.SaaS;applications;Yes;No;No;
Microsoft.SaaS;resources;Yes;Yes;No;
Microsoft.SaaS;saasresources;No;No;No;
Microsoft.Search;resourcehealthmetadata;No;No;No;
Microsoft.Search;searchservices;Yes;Yes;No;
Microsoft.Security;adaptivenetworkhardenings;No;No;No;
Microsoft.Security;advancedthreatprotectionsettings;No;No;No;
Microsoft.Security;alerts;No;No;No;
Microsoft.Security;allowedconnections;No;No;No;
Microsoft.Security;applicationwhitelistings;No;No;No;
Microsoft.Security;assessmentmetadata;No;No;No;
Microsoft.Security;assessments;No;No;No;
Microsoft.Security;autodismissalertsrules;No;No;No;
Microsoft.Security;automations;Yes;Yes;No;
Microsoft.Security;autoprovisioningsettings;No;No;No;
Microsoft.Security;complianceresults;No;No;No;
Microsoft.Security;compliances;No;No;No;
Microsoft.Security;datacollectionagents;No;No;No;
Microsoft.Security;devicesecuritygroups;No;No;No;
Microsoft.Security;discoveredsecuritysolutions;No;No;No;
Microsoft.Security;externalsecuritysolutions;No;No;No;
Microsoft.Security;informationprotectionpolicies;No;No;No;
Microsoft.Security;iotsecuritysolutions;Yes;Yes;No;
Microsoft.Security;iotsecuritysolutions / analyticsmodels;No;No;No;
Microsoft.Security;iotsecuritysolutions / analyticsmodels / aggregatedalerts;No;No;No;
Microsoft.Security;iotsecuritysolutions / analyticsmodels / aggregatedrecommendations;No;No;No;
Microsoft.Security;jitnetworkaccesspolicies;No;No;No;
Microsoft.Security;policies;No;No;No;
Microsoft.Security;pricings;No;No;No;
Microsoft.Security;regulatorycompliancestandards;No;No;No;
Microsoft.Security;regulatorycompliancestandards / regulatorycompliancecontrols;No;No;No;
Microsoft.Security;regulatorycompliancestandards / regulatorycompliancecontrols / regulatorycomplianceassessments;No;No;No;
Microsoft.Security;securitycontacts;No;No;No;
Microsoft.Security;securitysolutions;No;No;No;
Microsoft.Security;securitysolutionsreferencedata;No;No;No;
Microsoft.Security;securitystatuses;No;No;No;
Microsoft.Security;securitystatusessummaries;No;No;No;
Microsoft.Security;servervulnerabilityassessments;No;No;No;
Microsoft.Security;settings;No;No;No;
Microsoft.Security;subassessments;No;No;No;
Microsoft.Security;tasks;No;No;No;
Microsoft.Security;topologies;No;No;No;
Microsoft.Security;workspacesettings;No;No;No;
Microsoft.SecurityInsights;aggregations;No;No;No;
Microsoft.SecurityInsights;alertrules;No;No;No;
Microsoft.SecurityInsights;alertruletemplates;No;No;No;
Microsoft.SecurityInsights;automationrules;No;No;No;
Microsoft.SecurityInsights;bookmarks;No;No;No;
Microsoft.SecurityInsights;cases;No;No;No;
Microsoft.SecurityInsights;dataconnectors;No;No;No;
Microsoft.SecurityInsights;entities;No;No;No;
Microsoft.SecurityInsights;entityqueries;No;No;No;
Microsoft.SecurityInsights;incidents;No;No;No;
Microsoft.SecurityInsights;officeconsents;No;No;No;
Microsoft.SecurityInsights;settings;No;No;No;
Microsoft.SecurityInsights;threatintelligence;No;No;No;
Microsoft.SerialConsole;consoleservices;No;No;No;
Microsoft.ServerManagement;gateways;No;No;No;
Microsoft.ServerManagement;nodes;No;No;No;
Microsoft.ServiceBus;namespaces;Yes;Yes;Yes (with template);
Microsoft.ServiceBus;premiummessagingregions;No;No;No;
Microsoft.ServiceBus;sku;No;No;No;
Microsoft.ServiceFabric;applications;No;No;No;
Microsoft.ServiceFabric;clusters;Yes;Yes;No;
Microsoft.ServiceFabric;containergroups;No;No;No;
Microsoft.ServiceFabric;containergroupsets;No;No;No;
Microsoft.ServiceFabric;edgeclusters;No;No;No;
Microsoft.ServiceFabric;managedclusters;No;No;No;
Microsoft.ServiceFabric;networks;No;No;No;
Microsoft.ServiceFabric;secretstores;No;No;No;
Microsoft.ServiceFabric;volumes;No;No;No;
Microsoft.ServiceFabricMesh;applications;Yes;Yes;No;
Microsoft.ServiceFabricMesh;containergroups;No;No;No;
Microsoft.ServiceFabricMesh;gateways;Yes;Yes;No;
Microsoft.ServiceFabricMesh;networks;Yes;Yes;No;
Microsoft.ServiceFabricMesh;secrets;Yes;Yes;No;
Microsoft.ServiceFabricMesh;volumes;Yes;Yes;No;
Microsoft.ServiceNetworking;trafficcontrollers;No;No;No;
Microsoft.ServiceNetworking;associations;No;No;No;
Microsoft.ServiceNetworking;frontends;No;No;No;
Microsoft.Services;rollouts;No;No;No;
Microsoft.SignalRService;signalr;Yes;Yes;No;
Microsoft.SoftwarePlan;hybridusebenefits;No;No;No;
Microsoft.Solutions;applicationdefinitions;No;No;No;
Microsoft.Solutions;applications;No;No;No;
Microsoft.Solutions;jitrequests;No;No;No;
Microsoft.Sql;instancepools;No;No;No;
Microsoft.Sql;locations;Yes;Yes;No;
Microsoft.Sql;managedinstances;No;No;Yes;
Microsoft.Sql;managedinstances / databases;No;No;Yes;
Microsoft.Sql;servers;Yes;Yes;Yes;
Microsoft.Sql;servers / databases;Yes;Yes;Yes;
Microsoft.Sql;servers / databases / backuplongtermretentionpolicies;Yes;Yes;No;
Microsoft.Sql;servers / elasticpools;Yes;Yes;Yes;
Microsoft.Sql;servers / jobaccounts;Yes;Yes;No;
Microsoft.Sql;servers / jobagents;Yes;Yes;No;
Microsoft.Sql;virtualclusters;No;No;No;
Microsoft.SqlVirtualMachine;sqlvirtualmachinegroups;No;No;No;
Microsoft.SqlVirtualMachine;sqlvirtualmachines;No;No;No;
Microsoft.Storage;storageaccounts;Yes;Yes;Yes (Relocate);
Microsoft.StorageCache;caches;No;No;No;
Microsoft.StorageSync;storagesyncservices;Yes;Yes;No;
Microsoft.StorageSyncDev;storagesyncservices;No;No;No;
Microsoft.StorageSyncInt;storagesyncservices;No;No;No;
Microsoft.StorSimple;managers;No;No;No;
Microsoft.StreamAnalytics;clusters;No;No;No;
Microsoft.StreamAnalytics;streamingjobs;Yes;Yes;No;
Microsoft.StreamAnalyticsExplorer;environments;No;No;No;
Microsoft.StreamAnalyticsExplorer;instances;No;No;No;
Microsoft.Subscription;subscriptions;No;No;No;
Microsoft.Support;services;No;No;No;
Microsoft.Support;supporttickets;No;No;No;
Microsoft.Synapse;workspaces;No;No;No;
Microsoft.Synapse;workspaces / bigdatapools;No;No;No;
Microsoft.Synapse;workspaces / sqlpools;No;No;No;
Microsoft.TimeSeriesInsights;environments;Yes;Yes;No;
Microsoft.TimeSeriesInsights;environments / eventsources;Yes;Yes;No;
Microsoft.TimeSeriesInsights;environments / referencedatasets;Yes;Yes;No;
Microsoft.Token;stores;Yes;Yes;No;
Microsoft.VirtualMachineImages;imagetemplates;No;No;No;
Microsoft.VisualStudio;account;No;No;No;
Microsoft.VisualStudio;account / extension;No;No;No;
Microsoft.VisualStudio;account / project;No;No;No;
Microsoft.VMware;arczones;No;No;No;
Microsoft.VMware;resourcepools;No;No;No;
Microsoft.VMware;vcenters;No;No;No;
Microsoft.VMware;virtualmachines;No;No;No;
Microsoft.VMware;virtualmachinetemplates;No;No;No;
Microsoft.VMware;virtualnetworks;No;No;No;
Microsoft.VMwareCloudSimple;dedicatedcloudnodes;No;No;No;
Microsoft.VMwareCloudSimple;dedicatedcloudservices;No;No;No;
Microsoft.VMwareCloudSimple;virtualmachines;No;No;No;
Microsoft.VnfManager;devices;No;No;No;
Microsoft.VnfManager;vnfs;No;No;No;
Microsoft.VSOnline;accounts;No;No;No;
Microsoft.VSOnline;plans;No;No;No;
Microsoft.VSOnline;registeredsubscriptions;No;No;No;
Microsoft.Web;availablestacks;No;No;No;
Microsoft.Web;billingmeters;No;No;No;
Microsoft.Web;certificates;No;Yes;No;
Microsoft.Web;certificates (managed);No;No;No;
Microsoft.Web;connectiongateways;Yes;Yes;No;
Microsoft.Web;connections;Yes;Yes;No;
Microsoft.Web;customapis;Yes;Yes;No;
Microsoft.Web;deletedsites;No;No;No;
Microsoft.Web;deploymentlocations;No;No;No;
Microsoft.Web;georegions;No;No;No;
Microsoft.Web;hostingenvironments;No;No;No;
Microsoft.Web;kubeenvironments;Yes;Yes;No;
Microsoft.Web;publishingusers;No;No;No;
Microsoft.Web;recommendations;No;No;No;
Microsoft.Web;resourcehealthmetadata;No;No;No;
Microsoft.Web;runtimes;No;No;No;
Microsoft.Web;serverfarms;Yes;Yes;No;
Microsoft.Web;serverfarms / eventgridfilters;No;No;No;
Microsoft.Web;sites;Yes;Yes;No;
Microsoft.Web;sites / premieraddons;Yes;Yes;No;
Microsoft.Web;sites / slots;Yes;Yes;No;
Microsoft.Web;sourcecontrols;No;No;No;
Microsoft.Web;staticsites;Yes;Yes;No;
Microsoft.WindowsESU;multipleactivationkeys;No;No;No;
Microsoft.WindowsIoT;deviceservices;No;No;No;
Microsoft.WorkloadBuilder;workloads;No;No;No;
Microsoft.WorkloadMonitor;components;No;No;No;
Microsoft.WorkloadMonitor;componentssummary;No;No;No;
Microsoft.WorkloadMonitor;monitorinstances;No;No;No;
Microsoft.WorkloadMonitor;monitorinstancessummary;No;No;No;
Microsoft.WorkloadMonitor;monitors;No;No;No;
